model,split,strength_group,k,sample_count,recall
itemcf:equal_all,validation,Overall,10,456206,0.007514149309741652
itemcf:equal_all,validation,Overall,50,456206,0.03569220922127284
itemcf:equal_all,validation,Overall,100,456206,0.06224600290219769
itemcf:equal_all,validation,Overall,500,456206,0.16572776333498462
itemcf:equal_all,validation,Head,10,225289,0.014226171717216553
itemcf:equal_all,validation,Head,50,225289,0.06625711863428752
itemcf:equal_all,validation,Head,100,225289,0.11533630137290325
itemcf:equal_all,validation,Head,500,225289,0.30400507792213555
itemcf:equal_all,validation,Mid,10,43314,0.003971002447245694
itemcf:equal_all,validation,Mid,50,43314,0.02650413261301196
itemcf:equal_all,validation,Mid,100,43314,0.046982499884563884
itemcf:equal_all,validation,Mid,500,43314,0.13970078958304474
itemcf:equal_all,validation,Tail,10,16296,0.0031296023564064803
itemcf:equal_all,validation,Tail,50,16296,0.012763868433971527
itemcf:equal_all,validation,Tail,100,16296,0.023195876288659795
itemcf:equal_all,validation,Tail,500,16296,0.06541482572410408
itemcf:equal_all,validation,Unseen,10,171307,0.0
itemcf:equal_all,validation,Unseen,50,171307,0.0
itemcf:equal_all,validation,Unseen,100,171307,0.0
itemcf:equal_all,validation,Unseen,500,171307,0.0
itemcf:equal_all,test,Overall,10,370673,0.004249028119123864
itemcf:equal_all,test,Overall,50,370673,0.020505944592673325
itemcf:equal_all,test,Overall,100,370673,0.035157672665664885
itemcf:equal_all,test,Overall,500,370673,0.09288780137749444
itemcf:equal_all,test,Head,10,98305,0.014943288744214434
itemcf:equal_all,test,Head,50,98305,0.0711764406693454
itemcf:equal_all,test,Head,100,98305,0.12192665683332486
itemcf:equal_all,test,Head,500,98305,0.32000406896902495
itemcf:equal_all,test,Mid,10,17783,0.004442445031771917
itemcf:equal_all,test,Mid,50,17783,0.027723106337513355
itemcf:equal_all,test,Mid,100,17783,0.048698194905246586
itemcf:equal_all,test,Mid,500,17783,0.14035876961142665
itemcf:equal_all,test,Tail,10,7087,0.0038097925779596443
itemcf:equal_all,test,Tail,50,7087,0.015662480598278537
itemcf:equal_all,test,Tail,100,7087,0.02539861718639763
itemcf:equal_all,test,Tail,500,7087,0.06730633554395372
itemcf:equal_all,test,Unseen,10,247498,0.0
itemcf:equal_all,test,Unseen,50,247498,0.0
itemcf:equal_all,test,Unseen,100,247498,0.0
itemcf:equal_all,test,Unseen,500,247498,0.0
itemcf:click3_all,validation,Overall,10,456206,0.007597445013875311
itemcf:click3_all,validation,Overall,50,456206,0.036422142628549384
itemcf:click3_all,validation,Overall,100,456206,0.06173746070853956
itemcf:click3_all,validation,Overall,500,456206,0.1596910167775084
itemcf:click3_all,validation,Head,10,225289,0.014035305762820199
itemcf:click3_all,validation,Head,50,225289,0.0667853290662216
itemcf:click3_all,validation,Head,100,225289,0.11326340833329634
itemcf:click3_all,validation,Head,500,225289,0.29167424951950605
itemcf:click3_all,validation,Mid,10,43314,0.0053562358590755876
itemcf:click3_all,validation,Mid,50,43314,0.029690169460220715
itemcf:click3_all,validation,Mid,100,43314,0.05090732788474858
itemcf:click3_all,validation,Mid,500,43314,0.1389389112065383
itemcf:click3_all,validation,Tail,10,16296,0.004418262150220913
itemcf:click3_all,validation,Tail,50,16296,0.017427589592538047
itemcf:click3_all,validation,Tail,100,16296,0.027184585174275896
itemcf:click3_all,validation,Tail,500,16296,0.06891261659302897
itemcf:click3_all,validation,Unseen,10,171307,0.0
itemcf:click3_all,validation,Unseen,50,171307,0.0
itemcf:click3_all,validation,Unseen,100,171307,0.0
itemcf:click3_all,validation,Unseen,500,171307,0.0
itemcf:click3_all,test,Overall,10,370673,0.00428949505359171
itemcf:click3_all,test,Overall,50,370673,0.01992591853196753
itemcf:click3_all,test,Overall,100,370673,0.03477188789040475
itemcf:click3_all,test,Overall,500,370673,0.08911898088072236
itemcf:click3_all,test,Head,10,98305,0.014607598799654137
itemcf:click3_all,test,Head,50,98305,0.06857230049336249
itemcf:click3_all,test,Head,100,98305,0.1195259651085906
itemcf:click3_all,test,Head,500,98305,0.30610853974874114
itemcf:click3_all,test,Mid,10,17783,0.006691784288365293
itemcf:click3_all,test,Mid,50,17783,0.029635044705617723
itemcf:click3_all,test,Mid,100,17783,0.05302817297418883
itemcf:click3_all,test,Mid,500,17783,0.1386717651689816
itemcf:click3_all,test,Tail,10,7087,0.0049386200084662055
itemcf:click3_all,test,Tail,50,7087,0.01665020459997178
itemcf:click3_all,test,Tail,100,7087,0.02765627204741075
itemcf:click3_all,test,Tail,500,7087,0.0671652321151404
itemcf:click3_all,test,Unseen,10,247498,0.0
itemcf:click3_all,test,Unseen,50,247498,0.0
itemcf:click3_all,test,Unseen,100,247498,0.0
itemcf:click3_all,test,Unseen,500,247498,0.0
itemcf:click3_recent20,validation,Overall,10,456206,0.013794207002976726
itemcf:click3_recent20,validation,Overall,50,456206,0.04945572833325296
itemcf:click3_recent20,validation,Overall,100,456206,0.0773904771090253
itemcf:click3_recent20,validation,Overall,500,456206,0.1675295809349285
itemcf:click3_recent20,validation,Head,10,225289,0.024741554181517963
itemcf:click3_recent20,validation,Head,50,225289,0.08907669704246546
itemcf:click3_recent20,validation,Head,100,225289,0.13938985036996923
itemcf:click3_recent20,validation,Head,500,225289,0.30231835553444686
itemcf:click3_recent20,validation,Mid,10,43314,0.012790321835896016
itemcf:click3_recent20,validation,Mid,50,43314,0.04712102322574687
itemcf:click3_recent20,validation,Mid,100,43314,0.07480260423881424
itemcf:click3_recent20,validation,Mid,500,43314,0.16174908805467056
itemcf:click3_recent20,validation,Tail,10,16296,0.01012518409425626
itemcf:click3_recent20,validation,Tail,50,16296,0.02779823269513991
itemcf:click3_recent20,validation,Tail,100,16296,0.04068483063328424
itemcf:click3_recent20,validation,Tail,500,16296,0.08057191948944527
itemcf:click3_recent20,validation,Unseen,10,171307,0.0
itemcf:click3_recent20,validation,Unseen,50,171307,0.0
itemcf:click3_recent20,validation,Unseen,100,171307,0.0
itemcf:click3_recent20,validation,Unseen,500,171307,0.0
itemcf:click3_recent20,test,Overall,10,370673,0.006593412522627761
itemcf:click3_recent20,test,Overall,50,370673,0.022691159053937027
itemcf:click3_recent20,test,Overall,100,370673,0.034955337993325654
itemcf:click3_recent20,test,Overall,500,370673,0.0756812608417662
itemcf:click3_recent20,test,Head,10,98305,0.021351914958547377
itemcf:click3_recent20,test,Head,50,98305,0.07587609989318957
itemcf:click3_recent20,test,Head,100,98305,0.11746096332841666
itemcf:click3_recent20,test,Head,500,98305,0.256914704236814
itemcf:click3_recent20,test,Mid,10,17783,0.015126806500590452
itemcf:click3_recent20,test,Mid,50,17783,0.043749648540741155
itemcf:click3_recent20,test,Mid,100,17783,0.06646797503233424
itemcf:click3_recent20,test,Mid,500,17783,0.13400438621155036
itemcf:click3_recent20,test,Tail,10,7087,0.010723860589812333
itemcf:click3_recent20,test,Tail,50,7087,0.02455199661351771
itemcf:click3_recent20,test,Tail,100,7087,0.032171581769437
itemcf:click3_recent20,test,Tail,500,7087,0.058416819528714546
itemcf:click3_recent20,test,Unseen,10,247498,0.0
itemcf:click3_recent20,test,Unseen,50,247498,0.0
itemcf:click3_recent20,test,Unseen,100,247498,0.0
itemcf:click3_recent20,test,Unseen,500,247498,0.0
two_tower,validation,Overall,10,456206,0.0028934297225376255
two_tower,validation,Overall,50,456206,0.009973564573898634
two_tower,validation,Overall,100,456206,0.016536389262745338
two_tower,validation,Overall,500,456206,0.047796390227221916
two_tower,validation,Head,10,225289,0.005819192237526022
two_tower,validation,Head,50,225289,0.020111945101625023
two_tower,validation,Head,100,225289,0.03337047081748332
two_tower,validation,Head,500,225289,0.09645388811704078
two_tower,validation,Mid,10,43314,0.0001846977882439858
two_tower,validation,Mid,50,43314,0.000415570023548968
two_tower,validation,Mid,100,43314,0.0005771805882624555
two_tower,validation,Mid,500,43314,0.0015930184236043774
two_tower,validation,Tail,10,16296,6.136475208640157e-05
two_tower,validation,Tail,50,16296,6.136475208640157e-05
two_tower,validation,Tail,100,16296,6.136475208640157e-05
two_tower,validation,Tail,500,16296,0.0003681885125184094
two_tower,validation,Unseen,10,171307,0.0
two_tower,validation,Unseen,50,171307,0.0
two_tower,validation,Unseen,100,171307,0.0
two_tower,validation,Unseen,500,171307,0.0
two_tower,test,Overall,10,370673,0.001068327069951143
two_tower,test,Overall,50,370673,0.003860545548232539
two_tower,test,Overall,100,370673,0.006577225748840622
two_tower,test,Overall,500,370673,0.020942987484926068
two_tower,test,Head,10,98305,0.0039774172219113986
two_tower,test,Head,50,98305,0.014475357306342505
two_tower,test,Head,100,98305,0.024668124713900615
two_tower,test,Head,500,98305,0.07875489547835818
two_tower,test,Mid,10,17783,0.00022493392565933756
two_tower,test,Mid,50,17783,0.00039363436990384076
two_tower,test,Mid,100,17783,0.0006748017769780127
two_tower,test,Mid,500,17783,0.001124669628296688
two_tower,test,Tail,10,7087,0.00014110342881332017
two_tower,test,Tail,50,7087,0.00014110342881332017
two_tower,test,Tail,100,7087,0.00014110342881332017
two_tower,test,Tail,500,7087,0.00014110342881332017
two_tower,test,Unseen,10,247498,0.0
two_tower,test,Unseen,50,247498,0.0
two_tower,test,Unseen,100,247498,0.0
two_tower,test,Unseen,500,247498,0.0
